<?xml version="1.0" encoding="UTF-8"?>
<beans xmlns="http://www.springframework.org/schema/beans"
	xmlns:xsi="http://www.w3.org/2001/XMLSchema-instance"
	xmlns:jdbc="http://www.springframework.org/schema/jdbc"
	xmlns:jpa="http://www.springframework.org/schema/data/jpa"
	xmlns:tx="http://www.springframework.org/schema/tx"
	xmlns:security="http://www.springframework.org/schema/security"
	xsi:schemaLocation="http://www.springframework.org/schema/security http://www.springframework.org/schema/security/spring-security-4.0.xsd
		http://www.springframework.org/schema/jdbc http://www.springframework.org/schema/jdbc/spring-jdbc-4.0.xsd
		http://www.springframework.org/schema/beans http://www.springframework.org/schema/beans/spring-beans.xsd
		http://www.springframework.org/schema/data/jpa http://www.springframework.org/schema/data/jpa/spring-jpa-1.8.xsd
		http://www.springframework.org/schema/tx http://www.springframework.org/schema/tx/spring-tx-4.0.xsd">

		<security:http auto-config="true" use-expressions="false">
			<security:intercept-url pattern="/**" access="ROLE_USER"/>
		</security:http>
		
		<security:authentication-manager>
			<security:authentication-provider>
				<security:user-service>
					<security:user name="user" password="password" authorities="ROLE_USER"/>
				</security:user-service>
			</security:authentication-provider>
		</security:authentication-manager>
		
		<tx:annotation-driven/>

		<jdbc:embedded-database id="datasource" type="H2">
			<jdbc:script location="classpath:init.sql"/>	
		</jdbc:embedded-database>
		
		<bean id="entityManagerFactory" class="org.springframework.orm.jpa.LocalContainerEntityManagerFactoryBean">
			<property name="dataSource" ref="datasource"/>	
			<property name="persistenceUnitName" value="autoservice"/>
		</bean>	

		<bean id="transactionManager" class="org.springframework.orm.jpa.JpaTransactionManager">
			<property name="entityManagerFactory" ref="entityManagerFactory"/>
		</bean>

		<jpa:repositories base-package="com.oreilly.security"/>	
</beans>
